[
    {
      "id": 1,
      "title": "Counter-Strike 2",
      "price": 0,
      "description": "For more than two decades, Counter-Strike has exemplified the world's premier competitive gaming experience, driven by millions of players around the world. Now it's time for a new stage - Counter-Strike 2.",
      "category": "shooter",
      "developer": "Valve",
      "publisher": "Valve",
      "releaseDate": "08.21.2012",
      "image1":"https://cdn.akamai.steamstatic.com/steam/apps/730/header.jpg?t=1698860631", 
      "image2":"https://cdn.akamai.steamstatic.com/steam/apps/730/ss_76f6730dbb911650ba1f41c8e5b4bac638b5beea.600x338.jpg?t=1698860631",
      "image3":"https://cdn.akamai.steamstatic.com/steam/apps/730/ss_808cdd373d78c3cf3a78e7026ebb1a15895e0670.600x338.jpg?t=1698860631",
      "image4":"https://cdn.akamai.steamstatic.com/steam/apps/730/ss_ef98db5d5a4d877531a5567df082b0fb62d75c80.600x338.jpg?t=1698860631",
      "image5":"https://cdn.akamai.steamstatic.com/steam/apps/730/ss_2254a50f27951fb9028bc00b93a7f2ed7aac1e13.600x338.jpg?t=1698860631",
      "image6":"https://cdn.akamai.steamstatic.com/steam/apps/730/ss_54b9c26b028c84d5f8a5316f31ae6203953ed84d.600x338.jpg?t=1698860631",
      "rating": "mostly positive",
      "system requirements": {
        "OS": "Windows® 10",
        "CPU": "4-thread processor - Intel® Core™ i5 750 or better",
        "GPU": "with 1 GB of memory or more, DirectX 11 compatible and supporting Shader Model 5.0",
        "RAM": "8 GB of RAM",
        "DirectX": "version 11",
        "Disk space": "85 GB"
      }
    },
    {
      "id": 2,
      "title": "Barotrauma",
      "price": 15.99,
      "description": "Barotrauma is a multiplayer 2D space submarine simulator with survival horror and RPG elements. Control the submarine, complete missions, fight monsters, fix leaks and be very careful: danger creeps up unnoticed in the game!",
      "category": "survival",
      "developer": "FakeFish, Undertow Games",
      "publisher": "Daedalic Entertainment",
      "releaseDate": "03.13.2023",
      "image1":"https://cdn.akamai.steamstatic.com/steam/apps/602960/header_alt_assets_19.jpg?t=1713975631",
      "image2":"https://cdn.akamai.steamstatic.com/steam/apps/602960/ss_cdf5cbde141fb93a0b23c6adca5378f73e1beeca.600x338.jpg?t=1713975631",
      "image3":"https://cdn.akamai.steamstatic.com/steam/apps/602960/ss_3f76fab8878cc134ec1e0032ab91797eed96722d.600x338.jpg?t=1713975631",
      "image4":"https://cdn.akamai.steamstatic.com/steam/apps/602960/ss_c56f6f41ab1ec9f98bd449fa7167ec3456dcd306.600x338.jpg?t=1713975631",
      "image5":"https://cdn.akamai.steamstatic.com/steam/apps/602960/ss_0158c673e50cf77c4f94e1fa75ae3fddd5629dd3.600x338.jpg?t=1713975631",
      "image6":"https://cdn.akamai.steamstatic.com/steam/apps/602960/ss_af8b85b25acb48ffaab395f668366f60eeb38a03.600x338.jpg?t=1713975631",
      "rating": "Very positive",
      "system requirements": {
        "OS": "Windows 7/8.1/10 (64-bit versions)",
        "CPU": "Quad Core 3.0 GHz",
        "GPU": "GeForce GTX 950 or Radeon R9 370 or equivalent with at least 2 GB VRAM",
        "RAM": "8 GB of RAM",
        "DirectX": "version 11",
        "Disk space": "2 GB"
      }
    },
    {
      "id": 3,
      "title": "Stardew Valley",
      "price": 9.99,
      "description": "You inherited your grandfather's old farm in Stardew Valley. With a handful of coins in your pocket and old tools in your hands, you start a new life. Can you turn a wasteland into a blooming garden?",
      "category": "Farm simulator",
      "developer": "ConcernedApe",
      "publisher": "ConcernedApe",
      "releaseDate": "02.26.2016",
      "image1":"https://cdn.akamai.steamstatic.com/steam/apps/413150/header.jpg?t=1711128146",
      "image2":"https://cdn.akamai.steamstatic.com/steam/apps/413150/ss_b887651a93b0525739049eb4194f633de2df75be.600x338.jpg?t=1711128146",
      "image3":"https://cdn.akamai.steamstatic.com/steam/apps/413150/ss_9ac899fe2cda15d48b0549bba77ef8c4a090a71c.600x338.jpg?t=1711128146",
      "image4":"https://cdn.akamai.steamstatic.com/steam/apps/413150/ss_4fa0866709ede3753fdf2745349b528d5e8c4054.600x338.jpg?t=1711128146",
      "image5":"https://cdn.akamai.steamstatic.com/steam/apps/413150/ss_d836f0a5b0447fb6a2bdb0a6ac5f954949d3c41e.600x338.jpg?t=1711128146",
      "image6":"https://cdn.akamai.steamstatic.com/steam/apps/413150/ss_1812b87f1fbbdf7205e8b8e2559c834e8ce2f323.600x338.jpg?t=1711128146",
      "rating": "Extremely positive",
      "system requirements": {
        "OS": "Windows Vista or greater",
        "CPU": "2 Ghz",
        "GPU": "256 mb video memory, shader model 3.0+",
        "RAM": "2 GB of RAM",
        "DirectX": "version 10",
        "Disk space": "500 MB"
      }
    },
    {
      "id": 4,
      "title": "Terraria",
      "price": 6.29,
      "description": "Dig, fight, explore, build! Nothing is impossible in this action-packed adventure game. A set for four is also available!",
      "category": "Sandbox",
      "developer": "Re-Logic",
      "publisher": "Re-Logic",
      "releaseDate": "05.16.2011",
      "image1":"https://cdn.akamai.steamstatic.com/steam/apps/105600/header.jpg?t=1666290860",
      "image2":"https://cdn.akamai.steamstatic.com/steam/apps/105600/ss_ae168a00ab08104ba266dc30232654d4b3c919e5.600x338.jpg?t=1666290860",
      "image3":"https://cdn.akamai.steamstatic.com/steam/apps/105600/ss_ae168a00ab08104ba266dc30232654d4b3c919e5.600x338.jpg?t=1666290860",
      "image4":"https://cdn.akamai.steamstatic.com/steam/apps/105600/ss_9edd98caaf9357c2f40758f354475a56e356e8b0.600x338.jpg?t=1666290860",
      "image5":"https://cdn.akamai.steamstatic.com/steam/apps/105600/ss_75ea9a7e39eb34b40efa1e6dfd2536098dc4734b.600x338.jpg?t=1666290860",
      "image6":"https://cdn.akamai.steamstatic.com/steam/apps/105600/ss_782374517c1792debd74d24856203b876eba3a5d.600x338.jpg?t=1666290860",
      "rating": "Extremely positive",
      "system requirements": {
        "OS": "Windows XP, Vista, 7",
        "CPU": "1.6 GHz",
        "GPU": "with 128 MB of video memory and support for shaders 1.1",
        "RAM": "512 MB",
        "DirectX": "9.0c or later",
        "Disk space": "200 MB free space"
      }
    },
    {
      "id": 5,
      "title": "Don't Starve Together",
      "price": 8.49,
      "description": "Fight, Farm, Build and Explore Together in the standalone multiplayer expansion to the uncompromising wilderness survival game, Don't Starve.",
      "category": "Survival",
      "developer": "Clay Entertainment",
      "publisher": "Clay Entertainment",
      "releaseDate": "04.21.2016",
      "image1":"https://cdn.akamai.steamstatic.com/steam/apps/322330/header_alt_assets_44.jpg?t=1714001244",
      "image2":"https://cdn.akamai.steamstatic.com/steam/apps/322330/ss_d053a7220a03ab689da9312c6d15fe8211401f55.600x338.jpg?t=1714001244",
      "image3":"https://cdn.akamai.steamstatic.com/steam/apps/322330/ss_37e30c4cf8c945f1958890c8fa7346af6bea547d.600x338.jpg?t=1714001244",
      "image4":"https://cdn.akamai.steamstatic.com/steam/apps/322330/ss_f863729856b94b3485ee80e6fd11289595f6634c.600x338.jpg?t=1714001244",
      "image5":"https://cdn.akamai.steamstatic.com/steam/apps/322330/ss_92f4145bd510f66d63028e1cdf27eb30bd44cea1.600x338.jpg?t=1714001244",
      "image6":"https://cdn.akamai.steamstatic.com/steam/apps/322330/ss_9a7730946f2e060457b5c19ac2d870a78ab0f20b.600x338.jpg?t=1714001244",
      "rating": "Extremely positive",
      "system requirements": {
        "OS": "Windows Vista/Windows 7/Windows 8",
        "CPU": "1.7+ GHz or better",
        "GPU": "Radeon HD5450 or better; 256 MB or higher",
        "RAM": "1 GB of RAM",
        "DirectX": "version 9.0c",
        "Disk space": "3 GB"
      }
    }
  ]